model,cv_score,cv_std
voting,96.95866075130135,0.18587638480705237
stacking_linear,94.95451280770591,1.264107030256767
stacking_diverse,115.64346111078218,4.031903660943328
