Model,n_estimators,min_samples_split,max_features,max_depth,CV_Score,Test_RMSE,Test_R2,learning_rate,subsample
RandomForest,150,10.0,0.5,,74.95683467886913,8.467643723493929,0.7297820862401012,,
GradientBoosting,100,,,3.0,68.49077624889033,8.132741918738688,0.7507340458518916,0.2,
XGBoost,100,,,3.0,69.18881523504892,8.140498802856156,0.7502583270293112,0.2,0.8
